id_cliente,saldo_hace_3m
100006,17638.68
100014,51271.01
100015,73110.71
100025,3185.95
100026,11443.92
100039,144746.03
100072,27426.72
100130,175.73
100149,0.0
100171,17973.88
100184,11635.66
100214,5910.58
100226,0.0
100229,0.0
100236,21984.86
100262,1097.35
100273,40583.0
100295,1973.74
100307,9934.67
100347,2513.2
100351,3229.79
100352,2200.32
100353,0.0
100362,0.0
100365,22401.05
100387,357.42
100395,17260.72
100424,1689.48
100425,399289.8
100426,4390.83
100434,148921.45
100438,0.0
100444,0.0
100450,31161.92
100462,20800.41
100467,2983.58
100476,9242.02
100496,6422.51
100528,28742.47
100530,23508.81
100545,26372.07
100557,0.0
100562,102686.12
100578,117820.62
100584,0.0
100606,37621.29
100607,16443.52
100620,21525.43
100624,3492.66
100638,5178.48
100639,12017.75
100658,79548.8
100679,11135.92
100680,16288.8
100686,15156.83
100689,22253.36
100692,0.0
100699,1441.54
100711,76201.2
100713,0.0
100726,8679.46
100728,0.0
100761,0.0
100763,6399.59
100775,73633.99
100777,9048.01
100810,6988.77
100813,0.0
100816,11504.47
100825,148644.91
100838,6359.45
100848,3599.81
100853,8939.06
100878,6364.13
100880,211831.88
100891,70016.24
100903,17429.4
100911,9728.82
100925,6279.21
100967,0.0
100971,0.0
100973,6152.4
101029,676.02
101054,0.0
101071,10533.87
101077,74869.89
101083,217117.99
101096,3018.43
101112,13552.72
101127,11687.61
101156,9668.02
101163,4424.58
101171,106894.68
101181,0.0
101192,3237.87
101201,0.0
101213,0.0
101229,33370.62
101233,0.0
101238,4669.91
101245,6184.4
101250,0.0
101257,6050.87
101263,13603.21
101285,0.0
101295,2165.28
101305,7913.99
101313,482.53
101318,44169.69
101329,3843.14
101335,10882.35
101357,7986.01
101372,66802.13
101405,4658.49
101424,19537.4
101428,3613.03
101431,28812.16
101446,300166.43
101449,625.2
101455,0.0
101459,0.0
101464,4268.73
101468,7659.93
101486,0.0
101507,13566.68
101516,13711.17
101522,4535.22
101533,11239.55
101539,624.93
101556,74583.91
101564,48286.37
101578,7517.4
101596,3626.4
101605,4688.31
101607,6715.32
101621,14529.08
101624,694.97
101626,16706.71
101629,0.0
101635,44023.81
101644,1344.68
101658,3708.38
101680,21383.98
101685,30156.25
101703,3115.73
101704,19024.23
101707,0.0
101721,0.0
101736,0.0
101740,34989.76
101744,0.0
101750,32568.26
101772,98722.32
101773,0.0
101806,1112.62
101813,2115.25
101814,0.0
101852,1302.02
101861,14239.68
101894,29521.88
101897,26252.91
101918,35818.69
101923,972.43
101946,555.54
101971,14921.36
102014,4315.57
102016,8858.97
102019,16223.76
102028,95014.48
102041,103388.22
102042,6466.7
102053,0.0
102064,2989.38
102082,1752.68
102090,69623.93
102106,9411.38
102140,132990.25
102144,8736.17
102170,63997.6
102182,0.0
102184,4387.5
102200,374.96
102203,0.0
102209,6407.57
102223,826.41
102256,7300.12
102299,52022.67
102301,0.0
102340,4854.09
102347,7313.63
102357,9197.63
102380,1002.62
102386,0.0
102389,71570.93
102390,5733.96
102397,3886.74
102403,4187.13
102417,6914.75
102421,14181.62
102426,938.1
102442,9642.8
102476,9580.1
102500,0.0
102503,99.36
102517,24491.4
102524,2027.52
102527,11439.6
102563,9712.27
102575,33606.01
102579,0.0
102597,2674.86
102637,15398.09
102653,10282.51
102697,0.0
102714,22419.85
102717,23827.31
102728,437.58
102734,18332.47
102781,19572.49
102783,5005.58
102797,0.0
102812,8149.34
102832,10338.02
102839,0.0
102862,0.0
102866,99566.33
102867,168438.55
102869,20800.96
102891,21305.11
102894,9077.48
102895,2365.03
102899,6904.74
102933,780.82
102935,0.0
102969,114578.65
102975,0.0
102976,2217.01
102987,7731.67
102992,4034.43
102995,0.0
102997,0.0
103022,2998.4
103024,3033.77
103084,5676.33
103095,0.0
103099,8096.57
103108,7887.25
103115,0.0
103116,0.0
103138,16877.16
103140,8079.07
103157,0.0
103214,0.0
103215,1015.72
103224,3828.59
103243,0.0
103244,19627.72
103259,29222.76
103282,25329.66
103283,0.0
103295,4556.91
103354,0.0
103365,0.0
103366,13136.89
103403,24712.05
103413,2684.18
103416,1572.62
103417,11516.27
103428,53080.66
103455,7243.71
103466,0.0
103471,7061.03
103481,0.0
103512,0.0
103522,22378.25
103590,12706.11
103612,22797.59
103635,154500.75
103636,122139.74
103642,3255.21
103668,2390.16
103676,20593.65
103688,4522.41
103706,0.0
103733,29281.47
103744,192271.23
103771,931.29
103775,25293.91
103777,1896.11
103783,3437.51
103851,6860.05
103854,28126.18
103856,35755.83
103869,7333.34
103900,53453.24
103912,30470.78
103921,5208.74
103935,21539.41
103937,2616.52
103939,120811.32
103948,55191.68
103953,9175.31
103956,8548.5
103980,63961.99
103988,540.05
104024,7797.34
104026,11420.2
104037,89622.32
104051,22840.34
104056,11109.78
104064,2839.22
104069,5937.77
104079,4999.52
104082,45408.84
104092,1094.02
104105,10823.9
104107,0.0
104111,13879.55
104146,1396.89
104147,26266.53
104157,13679.72
104172,13671.03
104186,11112.84
104195,27956.2
104206,42198.79
104228,2349.89
104232,19960.99
104234,30910.35
104244,107776.49
104264,5904.22
104270,1133.97
104271,4703.28
104292,7424.55
104301,2468.46
104324,30612.91
104326,24686.49
104333,0.0
104367,4652.34
104376,6439.42
104385,6509.73
104407,808.9
104420,5997.36
104435,27982.7
104440,9747.98
104448,15761.5
104480,52527.14
104487,9289.74
104496,1094.48
104516,4726.22
104525,7985.07
104570,31501.95
104577,34128.42
104601,66891.59
104609,29732.52
104620,7741.39
104626,4898.55
104674,72552.26
104686,0.0
104696,12693.77
104701,2705.73
104730,0.0
104733,0.0
104742,0.0
104745,3204.67
104750,15836.77
104762,0.0
104782,28091.02
104787,0.0
104793,6763.52
104837,0.0
104854,40286.59
104870,24241.42
104886,43960.14
104890,1709.83
104900,7659.22
104933,89465.71
104939,231147.6
104943,23068.86
104949,14546.72
104995,4793.29
105009,20434.27
105023,3741.92
105030,7422.61
105035,2284.06
105056,0.0
105078,0.0
105079,3180.31
105083,33005.6
105087,18441.67
105099,27130.43
105108,12200.83
105130,0.0
105162,21691.22
105168,0.0
105201,44874.69
105236,56798.46
105242,17758.15
105244,53022.01
105249,23415.34
105277,0.0
105286,59407.53
105297,2678.0
105307,7084.8
105315,5292.7
105317,48638.4
105333,7478.9
105336,0.0
105343,14144.27
105375,19079.32
105379,11882.49
105384,9358.83
105388,15615.95
105398,9837.95
105417,42842.63
105426,0.0
105452,311.13
105463,754.92
105490,37346.86
105493,8889.07
105504,12001.76
105507,4191.99
105535,19640.11
105551,10282.47
105610,61463.5
105631,99087.77
105642,302194.18
105670,13418.3
105684,12718.32
105708,0.0
105713,8328.96
105734,14127.24
105746,0.0
105751,0.0
105756,2157.87
105762,1265.86
105766,1620.69
105773,3359.67
105797,67.37
105806,2848.53
105809,588.36
105832,4407.44
105845,340.65
105891,9199.65
105897,21514.11
105908,41567.48
105909,16190.17
105919,14236.09
105940,27617.21
105941,17262.09
105947,20901.62
105950,0.0
105970,8759.89
105974,671.95
105987,3626.0
105989,332.83
105991,15485.48
105996,36753.71
